sep=;
ACCELEROMETER X (m/s²);ACCELEROMETER Y (m/s²);ACCELEROMETER Z (m/s²);GRAVITY X (m/s²);GRAVITY Y (m/s²);GRAVITY Z (m/s²);LINEAR ACCELERATION X (m/s²);LINEAR ACCELERATION Y (m/s²);LINEAR ACCELERATION Z (m/s²);GYROSCOPE X (rad/s);GYROSCOPE Y (rad/s);GYROSCOPE Z (rad/s);LIGHT (lux);MAGNETIC FIELD X (μT);MAGNETIC FIELD Y (μT);MAGNETIC FIELD Z (μT);ORIENTATION Z (azimuth °);ORIENTATION X (pitch °);ORIENTATION Y (roll °);PROXIMITY (m);SOUND LEVEL (dB);LOCATION Latitude : ;LOCATION Longitude : ;LOCATION Altitude ( m);LOCATION Altitude-google ( m);LOCATION Speed ( Kmh);LOCATION Accuracy ( m);LOCATION ORIENTATION (°);Satellites in range;Time since start in ms ;YYYY-MO-DD HH-MI-SS_SSS
-0.8857;-0.915;9.5503;-1.1034;-0.0603;9.7442;-0.6645;0.8831;0.6781;-1.0842;-1.7585;0.1958;202.1326;-15.23;-27.36;-32.44;145.76;0.35;6.46;5.0;58.625;35.958256;14.363136;139.6;NaN;;20.215;;0 / 19;8;2021-03-19 12:15:58:176
-0.8139;1.2541;9.4306;-0.5532;1.0615;9.7333;-1.8757;0.1955;-0.1211;0.2783;-0.5358;1.6936;202.1326;-32.04;-13.65;-31.28;107.71;-6.21;3.25;5.0;55.109;35.958256;14.363136;139.6;NaN;;20.215;;0 / 19;508;2021-03-19 12:15:58:676
-10.2466;-11.1079;16.061;0.9801;6.8492;-6.9497;4.7212;-7.9441;-9.0559;-1.0009;-2.9897;-6.4581;202.1326;-28.17;-9.4;12.65;281.52;-44.3;-171.97;5.0;68.75;35.958256;14.363136;139.6;NaN;;20.215;;0 / 19;1007;2021-03-19 12:15:59:175
-4.3679;-7.6616;-4.618;3.5523;-8.1039;-4.2283;2.8049;-3.7581;-7.1497;0.0703;-0.1928;-0.358;202.1326;-19.09;29.61;11.43;232.01;69.56;-147.22;5.0;66.611;35.958256;14.363136;139.6;NaN;;20.215;;0 / 19;1508;2021-03-19 12:15:59:676
5.0936;-7.1863;-5.2249;4.002;-8.0153;-3.9886;5.1214;-3.4253;3.998;-0.4245;0.0546;0.3329;202.1326;-42.17;21.73;-14.01;261.04;60.17;-134.99;5.0;68.557;35.958256;14.363136;139.6;NaN;;20.215;;0 / 19;2008;2021-03-19 12:16:00:176
-4.2698;-0.9342;6.7887;4.4093;-7.049;-5.1999;1.355;1.7379;-0.2957;-0.0296;0.627;-1.0849;202.1326;-37.77;21.05;-8.42;273.7;49.53;-145.6;5.0;69.296;35.958256;14.363136;139.6;NaN;;20.215;;0 / 19;2508;2021-03-19 12:16:00:676
2.891;-8.2409;-3.9034;3.493;-7.32;-5.5124;-2.604;-0.1953;-1.0571;0.4249;-0.9775;-0.3583;202.1326;-32.36;20.21;-3.48;274.82;48.28;-147.64;5.0;62.329;35.958256;14.363136;139.6;NaN;;20.215;;0 / 19;3007;2021-03-19 12:16:01:175
0.7303;-3.7819;-5.8857;5.8493;-4.9318;-6.1346;0.3805;-3.277;1.8386;-0.8341;0.7256;-0.6069;202.1326;-30.28;20.24;-3.65;274.91;42.33;-133.66;5.0;68.076;35.958256;14.363136;139.6;NaN;;20.215;;0 / 19;3508;2021-03-19 12:16:01:676
9.0307;-3.2085;-11.3287;4.4976;-3.8006;-7.842;4.9471;0.3889;0.1034;0.1699;-0.6543;1.6112;202.1326;-33.14;19.89;-2.17;296.01;17.82;-143.68;5.0;68.063;35.958256;14.363136;139.6;NaN;;20.215;;0 / 19;4007;2021-03-19 12:16:02:175
2.9664;0.2964;-12.3581;4.7917;-6.5177;-5.5434;-0.6147;-1.6548;-0.1351;-0.2764;2.2525;-0.8897;202.1326;-24.66;31.37;-1.14;303.19;41.65;-139.16;5.0;68.418;35.958256;14.363136;139.6;NaN;;20.215;;0 / 19;4508;2021-03-19 12:16:02:676
4.4053;-7.6113;-9.7318;4.79;-6.0241;-6.0776;-1.8168;2.6501;6.0009;-0.2684;-0.7457;0.3904;14.4056;-24.9;31.12;-7.82;307.43;37.9;-141.76;5.0;67.859;35.958256;14.363136;139.6;NaN;;20.215;;0 / 19;5007;2021-03-19 12:16:03:175
6.1158;-6.7997;-6.902;3.9465;-7.2097;-5.3494;0.1469;0.8943;-0.6837;0.6124;0.1285;-0.2636;3.669;-22.74;33.97;-4.87;306.09;48.22;-144.72;5.0;63.719;35.958256;14.363136;139.6;NaN;;20.215;;0 / 19;5509;2021-03-19 12:16:03:677
1.3241;-8.4672;-3.4078;2.4046;-7.2703;-6.1262;1.5348;-0.9682;0.206;-0.0613;0.178;0.1106;0.0;-25.12;34.76;-5.55;309.77;47.6;-159.32;5.0;63.519;35.958256;14.363136;139.6;NaN;;20.215;;0 / 19;6008;2021-03-19 12:16:04:176
1.6927;-4.4224;-6.6925;3.7605;-7.8277;-4.556;0.8833;-0.3469;-1.5476;0.5581;-0.1843;-0.2291;0.0;-25.84;34.13;-8.86;301.16;49.72;-144.15;5.0;65.283;35.958256;14.363136;139.6;NaN;;20.215;;0 / 19;6508;2021-03-19 12:16:04:676
3.9683;-9.1136;-5.2333;3.6053;-8.2031;-3.9851;-2.0366;2.4876;-3.2479;0.6821;0.1825;-0.2324;0.0;-28.43;27.16;-12.39;282.76;56.77;-137.86;5.0;65.748;35.958256;14.363136;139.6;NaN;;20.215;;0 / 19;7007;2021-03-19 12:16:05:175
5.8202;-8.7976;-6.8361;4.0295;-8.3343;-3.2362;0.2465;0.3597;-0.6973;0.2099;-0.6528;0.2343;11.338;-26.95;22.55;-12.46;270.89;57.6;-127.5;5.0;67.177;35.958256;14.363136;139.6;NaN;;20.215;;0 / 19;7507;2021-03-19 12:16:05:675
5.6873;-8.2948;-4.8059;3.9131;-8.397;-3.2168;0.1547;0.424;-1.8847;0.0993;-0.1901;0.113;11.338;-29.62;21.44;-12.44;264.96;60.54;-130.99;5.0;68.533;35.958256;14.363136;139.6;NaN;;20.215;;0 / 19;8008;2021-03-19 12:16:06:176
5.2623;-8.0985;-4.1332;4.0709;-8.4369;-2.9012;-0.6232;0.6929;-1.901;0.6604;0.0372;0.2746;11.338;-32.36;20.15;-14.16;260.09;59.35;-125.48;5.0;63.315;35.958256;14.363136;139.6;NaN;;20.215;;0 / 19;8508;2021-03-19 12:16:06:676
7.3871;-10.4124;0.2432;4.6393;-8.3266;-2.3056;2.838;-0.1917;-3.7975;0.1677;0.5225;0.2361;11.338;-36.11;18.68;-11.84;244.44;58.11;-116.43;5.0;66.548;35.958256;14.363136;139.6;NaN;;20.215;;0 / 19;9008;2021-03-19 12:16:07:176
12.0736;-8.7042;-5.1267;4.2932;-8.0159;-3.6721;5.5755;2.1772;0.6337;-0.8011;-0.4463;-0.1619;11.338;-41.41;15.7;-2.19;232.2;57.88;-124.33;5.0;67.952;35.958256;14.363136;139.6;NaN;;20.215;;0 / 19;9508;2021-03-19 12:16:07:676
17.1239;-14.2561;-8.6245;3.8828;-8.1343;-3.8636;-13.4027;7.0713;3.2385;-1.0381;0.2977;-3.0149;118.7042;-42.49;12.84;15.36;215.93;56.04;-134.86;5.0;70.589;35.958256;14.363136;139.6;NaN;;20.215;;0 / 19;10008;2021-03-19 12:16:08:176
2.2769;-8.9759;0.3306;4.0441;-6.5751;-6.0484;1.0573;1.5035;2.036;-1.2736;0.4816;-0.2492;118.7042;-31.01;19.89;24.15;223.31;51.23;-150.02;5.0;68.471;35.958256;14.363136;139.6;NaN;;20.215;;0 / 19;10508;2021-03-19 12:16:08:676
-5.3998;-2.1946;-10.4452;2.6923;-8.6851;-3.6729;-3.5538;5.696;-3.1697;0.822;-3.5129;0.1982;118.7042;-33.74;17.45;17.75;224.12;57.94;-147.19;5.0;68.145;35.958256;14.363136;139.6;NaN;;20.215;;0 / 19;11008;2021-03-19 12:16:09:176
-6.6052;-4.4978;6.7731;3.607;-6.9721;-5.8779;2.2819;-1.8118;-0.3453;-0.3677;-1.1537;0.2343;118.7042;-35.83;8.79;15.81;215.51;42.89;-133.7;5.0;68.494;35.958256;14.363136;139.6;NaN;;20.215;;0 / 19;11508;2021-03-19 12:16:09:676
1.913;-4.1722;0.8705;4.1034;-7.5243;-4.7662;2.4112;2.8249;-4.1472;-0.0021;0.3212;-0.4829;6.7366;-35.96;4.01;23.8;206.53;54.09;-144.27;5.0;67.767;35.958256;14.363136;139.6;NaN;;20.215;;0 / 19;12008;2021-03-19 12:16:10:176
3.1867;-4.2859;-10.7792;3.3842;-7.8277;-4.842;-3.1117;0.0172;-1.226;0.7261;-0.6516;0.4658;6.7366;-32.48;1.15;29.71;192.34;49.14;-142.36;5.0;67.996;35.958256;14.363136;139.6;NaN;;20.215;;0 / 19;12508;2021-03-19 12:16:10:676
5.4036;-12.1589;-4.7521;3.1535;-7.3136;-5.7216;0.0755;-1.5035;0.1991;-0.3402;0.6746;-0.2944;6.7366;-31.98;6.01;30.93;205.19;48.23;-151.14;5.0;67.883;35.958256;14.363136;139.6;NaN;;20.215;;0 / 19;13008;2021-03-19 12:16:11:176
3.2645;-9.2668;-3.9967;3.0748;-7.3397;-5.731;3.8489;0.4482;3.6403;-0.2709;0.7113;1.2996;6.7366;-32.39;7.88;29.34;203.28;50.3;-147.73;5.0;66.739;35.95836;14.363105;137.5;NaN;;52.4;;0 / 19;13508;2021-03-19 12:16:11:676
3.5697;-5.8265;-4.2876;3.8014;-7.2852;-5.3521;-0.5149;2.9314;-0.9397;0.0645;-0.5532;-0.241;0.0;-26.71;3.77;30.36;193.54;46.41;-146.98;5.0;64.508;35.95836;14.363105;137.5;NaN;;52.4;;0 / 19;14007;2021-03-19 12:16:12:175
3.9815;-6.1976;-4.0458;3.7129;-7.3626;-5.3083;-3.5648;0.753;2.7559;-0.2171;-1.9488;-0.6115;0.0;-32.38;5.36;27.13;196.94;47.87;-141.52;5.0;68.783;35.95836;14.363105;137.5;NaN;;52.4;;0 / 19;14508;2021-03-19 12:16:12:676
2.0471;-9.8701;-3.877;3.6108;-7.5052;-5.1773;4.3424;-2.2559;0.3348;0.478;-0.6696;1.0382;0.0;-30.32;5.1;24.73;201.92;49.94;-145.11;5.0;68.388;35.95836;14.363105;137.5;NaN;;52.4;;0 / 19;15008;2021-03-19 12:16:13:176
2.4636;-9.2931;-4.6587;3.7832;-6.7467;-6.0283;4.8067;-3.4063;-1.873;-0.1875;0.0069;0.0999;0.0;-31.29;2.42;25.76;202.14;39.66;-143.68;5.0;68.792;35.95836;14.363105;137.5;NaN;;52.4;;0 / 19;15508;2021-03-19 12:16:13:676
13.2922;-9.4823;-4.8622;3.8292;-6.832;-5.9018;1.5589;-0.8685;-0.0306;-0.2666;0.4907;1.0342;0.0;-26.05;-2.88;29.87;187.51;40.18;-144.38;5.0;69.549;35.95836;14.363105;137.5;NaN;;52.4;;0 / 19;16008;2021-03-19 12:16:14:176
7.0495;-6.2981;-9.3416;3.9774;-6.9087;-5.7115;-8.9429;1.5497;3.9834;-0.9731;1.5426;-0.3735;0.0;-31.92;-0.57;29.52;202.69;43.7;-149.64;5.0;70.64;35.95836;14.363105;137.5;NaN;;52.4;;0 / 19;16508;2021-03-19 12:16:14:676
8.4465;-6.8799;-6.9738;4.7939;-6.405;-5.6715;5.5363;0.6672;-3.1787;-0.1863;-0.2218;-0.2963;0.0;-36.8;3.4;25.99;211.18;45.48;-146.95;5.0;67.61;35.95836;14.363105;137.5;NaN;;52.4;;0 / 19;17008;2021-03-19 12:16:15:176
-2.9482;-0.3213;-2.9756;4.2589;-7.0001;-5.3881;2.6794;1.8749;-3.2125;-0.1237;-0.0245;-1.0522;0.0;-42.24;5.08;21.79;219.66;46.56;-145.74;5.0;68.044;35.95836;14.363105;137.5;NaN;;52.4;;0 / 19;17508;2021-03-19 12:16:15:676
-0.371;-3.2732;-8.6628;4.077;-6.8275;-5.7389;-0.6305;0.2653;1.1186;-0.3567;0.3191;-0.4572;0.0;-39.16;17.36;19.56;229.87;46.71;-144.15;5.0;64.713;35.95836;14.363105;137.5;NaN;;52.4;;0 / 19;18008;2021-03-19 12:16:16:176
1.7346;-10.0293;-1.9701;4.0992;-6.8337;-5.7156;-1.8079;1.4856;0.9513;0.0526;-0.8538;0.8189;0.0;-25.56;10.58;26.79;199.74;44.09;-145.89;5.0;68.199;35.95836;14.363105;137.5;NaN;;52.4;;0 / 19;18508;2021-03-19 12:16:16:676
20.0483;-15.8051;-2.5926;3.9716;-7.3126;-5.1887;4.6622;-1.1466;0.7171;-0.0369;1.6178;0.551;0.0;-26.13;10.86;28.52;187.95;48.22;-142.57;5.0;66.781;35.95836;14.363105;137.5;NaN;;52.4;;0 / 19;19008;2021-03-19 12:16:17:176
1.5539;-14.7828;3.3089;4.6591;-6.4475;-5.7352;2.4452;1.2377;1.0615;0.6314;-0.9106;1.4978;0.0;-24.68;12.93;27.02;190.69;45.34;-142.19;5.0;69.313;35.95836;14.363105;137.5;NaN;;52.4;;0 / 19;19508;2021-03-19 12:16:17:676
3.8199;-5.9235;-3.4856;4.6212;-6.8824;-5.2391;-0.4221;2.3005;0.9209;-0.0277;0.3069;-0.2538;0.0;-27.99;14.31;23.51;200.86;43.88;-139.61;5.0;69.397;35.95836;14.363105;137.5;NaN;;52.4;;0 / 19;20008;2021-03-19 12:16:18:176
3.3507;-6.4502;-7.2108;4.5606;-6.6434;-5.589;2.0303;0.8432;0.2594;-0.3338;0.0066;-0.0831;0.0;-29.05;13.38;24.32;200.88;46.72;-140.14;5.0;67.647;35.95836;14.363105;137.5;NaN;;52.4;;0 / 19;20508;2021-03-19 12:16:18:676
2.7569;-7.4042;-3.6041;4.5795;-6.5147;-5.7233;0.4151;0.4842;-0.3335;-0.2849;-0.3419;-0.0638;0.0;-28.7;12.23;25.64;201.14;41.63;-141.33;5.0;64.185;35.95836;14.363105;137.5;NaN;;52.4;;0 / 19;21008;2021-03-19 12:16:19:176
3.632;-5.8804;-4.3032;4.0388;-6.7127;-5.899;0.3065;0.2729;-0.1879;-0.5116;0.3695;0.6732;0.0;-22.98;16.23;18.48;223.71;46.17;-145.27;5.0;60.979;35.95836;14.363105;137.5;NaN;;52.4;;0 / 19;21508;2021-03-19 12:16:19:676
10.2684;-12.2726;-10.2741;3.5844;-5.9467;-6.9252;2.4418;-1.9872;1.0555;0.136;-0.6751;0.4166;0.0;-29.53;20.66;5.7;285.02;33.16;-146.82;5.0;67.558;35.95836;14.363105;137.5;NaN;;52.4;;0 / 19;22007;2021-03-19 12:16:20:175
16.353;-8.047;-4.6096;3.3338;-5.9221;-7.07;-3.8525;-1.9101;4.509;-0.2272;-0.1834;0.5571;0.0;-42.53;19.52;16.96;260.85;36.4;-151.9;5.0;69.103;35.95836;14.363105;137.5;NaN;;52.4;;0 / 19;22508;2021-03-19 12:16:20:676
9.5406;-8.9783;-8.0356;3.8362;-5.0887;-7.4538;-2.323;-1.2248;2.2554;-0.1679;0.7956;0.4756;0.0;-38.87;16.78;21.77;258.79;31.26;-152.77;5.0;68.176;35.95836;14.363105;137.5;NaN;;52.4;;0 / 19;23008;2021-03-19 12:16:21:176
2.3128;-5.9701;-3.6891;4.334;-6.2747;-6.1656;0.382;-0.3514;1.5788;-0.3081;0.4706;0.106;0.0;-35.26;23.18;13.86;262.37;40.75;-146.28;5.0;66.041;35.95836;14.363105;137.5;NaN;;52.4;;0 / 19;23508;2021-03-19 12:16:21:676
3.4464;-6.5842;-8.1744;4.7586;-7.4944;-4.1665;-3.0566;0.3025;0.5787;0.6888;-0.6913;-0.1182;0.0;-34.22;29.35;4.17;271.83;46.28;-135.22;5.0;63.953;35.95836;14.363105;137.5;NaN;;52.4;;0 / 19;24008;2021-03-19 12:16:22:176
2.9113;-3.8178;-5.5182;5.4379;-7.7267;-2.6262;-0.9964;0.4126;-2.0237;0.4808;-0.1382;-1.0653;0.0;-29.21;24.52;-6.45;263.77;54.08;-123.33;5.0;68.171;35.95836;14.363105;137.5;NaN;;52.4;;0 / 19;24508;2021-03-19 12:16:22:676
7.1333;-10.7069;-0.0369;5.273;-7.8965;-2.4516;1.4795;-0.362;0.7614;0.0138;0.1117;1.0046;0.0;-29.95;16.2;-4.55;238.04;53.63;-114.94;5.0;67.345;35.95836;14.363105;137.5;NaN;;52.4;;0 / 19;25008;2021-03-19 12:16:23:176
3.8391;-6.4286;-5.1567;5.3617;-7.723;-2.789;-4.1876;1.8709;-1.7888;0.8323;-0.2237;0.6069;0.0;-33.57;15.68;-1.44;235.4;48.12;-117.48;5.0;66.001;35.95836;14.363105;137.5;NaN;;52.4;;0 / 19;25509;2021-03-19 12:16:23:677
8.826;-9.8641;-5.5457;5.3276;-7.9283;-2.2201;0.3436;1.7568;-1.8512;0.5462;-0.1721;0.6845;0.0;-36.75;16.43;12.91;185.74;51.8;-112.43;5.0;62.367;35.95836;14.363105;137.5;NaN;;52.4;;0 / 19;26008;2021-03-19 12:16:24:176
0.9099;-5.046;-3.4724;4.8836;-7.9988;-2.8879;3.2264;-1.2462;-1.3577;0.1763;-1.4256;-0.7605;0.0;-28.17;16.07;14.55;184.61;54.65;-120.6;5.0;62.342;35.95836;14.363105;137.5;NaN;;52.4;;0 / 19;26508;2021-03-19 12:16:24:676
9.968;-9.2321;-4.8813;3.481;-8.1288;-4.2398;2.7482;-0.508;-1.4597;-0.2547;-0.5774;0.0938;0.0;-23.46;12.75;28.27;180.02;55.99;-140.61;5.0;63.497;35.95836;14.363105;137.5;NaN;;52.4;;0 / 19;27008;2021-03-19 12:16:25:176
4.6519;-6.832;-3.4593;4.3884;-6.4308;-5.9631;2.2918;-0.6981;1.0752;-0.4114;-0.228;-0.3143;0.0;-16.65;10.41;35.11;162.15;45.08;-144.51;5.0;63.092;35.95836;14.363105;137.5;NaN;;52.4;;0 / 19;27508;2021-03-19 12:16:25:676
4.0845;-7.2366;-6.4938;4.1455;-6.631;-5.9173;2.2239;-0.9636;-0.1984;-3.0E-4;-0.3547;-0.1509;0.0;-15.71;3.87;35.85;161.97;42.55;-144.99;5.0;61.026;35.95836;14.363105;137.5;NaN;;52.4;;0 / 19;28008;2021-03-19 12:16:26:176
5.0948;-7.3084;-4.2493;4.0535;-6.671;-5.936;1.5793;-0.6302;1.2843;-0.229;-0.1782;0.3897;0.0;-14.31;6.27;40.71;154.29;42.86;-145.67;5.0;57.547;35.95836;14.363105;137.5;NaN;;52.4;;0 / 19;28508;2021-03-19 12:16:26:676
4.4256;-8.0626;-3.9967;4.3907;-6.166;-6.2348;0.5625;-0.0239;0.7677;-0.3814;0.1606;-0.0993;0.0;-18.14;6.33;43.99;156.7;41.84;-143.95;5.0;57.462;35.95836;14.363105;137.5;NaN;;52.4;;0 / 19;29008;2021-03-19 12:16:27:176
5.0253;-6.2479;-5.1938;4.3115;-5.5836;-6.8121;1.5204;-0.4947;0.8741;-0.6838;0.0332;0.3647;0.0;-21.75;5.5;44.18;165.34;37.9;-145.73;5.0;59.537;35.95836;14.363105;137.5;NaN;;52.4;;0 / 19;29508;2021-03-19 12:16:27:676
10.8382;-10.0377;-15.8942;3.5646;-5.3715;-7.39;0.4042;-1.0245;0.021;0.1405;-0.1226;0.3748;0.0;-26.68;0.88;42.35;188.48;28.62;-151.2;5.0;62.393;35.95836;14.363105;137.5;NaN;;52.4;;0 / 19;30008;2021-03-19 12:16:28:176
1.7478;-8.0781;-7.0396;3.9306;-4.9719;-7.4834;2.0282;-2.1021;1.6196;-0.6753;0.4425;0.2101;0.0;-28.88;-0.78;34.62;201.88;30.46;-152.29;5.0;68.617;35.95836;14.363105;137.5;NaN;;52.4;;0 / 19;30508;2021-03-19 12:16:28:676
2.7007;-6.8236;-8.0056;3.7006;-3.9602;-8.1727;3.6038;-1.3753;-2.6788;-1.5561;0.9324;0.5418;0.0;-31.86;2.69;22.15;241.99;23.82;-155.64;5.0;67.545;35.95836;14.363105;137.5;NaN;;52.4;;0 / 19;31008;2021-03-19 12:16:29:176
10.1655;-9.5242;-8.7215;3.7309;-3.3087;-8.4442;5.9502;-2.9221;-4.5689;-0.9074;0.2488;0.5287;0.0;-29.71;15.83;17.28;285.55;19.72;-156.16;5.0;68.589;35.95836;14.363105;137.5;NaN;;52.4;;0 / 19;31515;2021-03-19 12:16:29:683
6.7551;-3.6227;-11.3442;3.6112;-3.4682;-8.4321;2.0797;-0.9306;0.9339;-0.4517;0.6215;1.0162;0.0;-26.23;26.27;19.51;308.41;23.84;-155.12;5.0;65.655;35.95836;14.363105;137.5;NaN;;52.4;;0 / 19;32007;2021-03-19 12:16:30:175
1.3755;-3.0733;-6.1371;4.3945;-2.791;-8.3108;1.3211;-0.3014;-1.7924;-1.5632;0.7766;-0.1188;0.0;-15.98;37.41;24.56;351.22;19.31;-154.91;5.0;68.942;35.95836;14.363105;137.5;NaN;;52.4;;0 / 19;32508;2021-03-19 12:16:30:676
7.4685;-6.6537;-6.908;4.8661;-2.8932;-8.0076;-0.3427;0.4143;-1.0354;-1.4715;0.8365;-0.4099;0.0;-6.03;37.88;27.73;18.38;17.16;-148.71;5.0;68.539;35.95836;14.363105;137.5;NaN;;52.4;;0 / 19;33008;2021-03-19 12:16:31:176
2.5822;-7.4545;-12.6071;6.3117;-3.9453;-6.2183;0.6495;1.3676;-0.1153;0.6069;-0.4787;0.1631;0.0;-6.55;37.54;26.54;29.17;23.72;-135.33;5.0;66.905;35.95997;14.360098;;NaN;;1600.0;;0 / 19;33508;2021-03-19 12:16:31:676
10.4743;-8.1488;-7.0827;4.8076;-4.801;-7.0717;0.2048;-2.7258;1.6837;0.2575;0.666;0.836;0.0;-6.93;43.63;15.88;6.11;29.31;-145.79;5.0;65.847;35.95997;14.360098;;NaN;;1600.0;;0 / 19;34008;2021-03-19 12:16:32:176
14.5646;-4.973;-12.2097;5.3935;-3.4368;-7.4343;0.784;-1.4865;-1.0033;-0.3842;0.6679;0.686;0.0;-2.08;41.6;25.61;23.39;20.51;-144.04;5.0;67.006;35.95997;14.360098;;NaN;;1600.0;;0 / 19;34508;2021-03-19 12:16:32:676
16.0825;-6.0479;-12.3462;5.9169;-5.2591;-5.7882;-0.9005;0.2843;1.027;0.125;0.014;0.7251;0.0;1.02;40.0;23.55;35.38;32.43;-134.37;5.0;67.282;35.95997;14.360098;;NaN;;1600.0;;0 / 19;35009;2021-03-19 12:16:33:177
7.368;-8.3618;-7.1857;5.7944;-6.7124;-4.1879;-0.7954;-0.9167;-4.1642;0.4756;0.218;-1.1564;0.0;4.94;39.62;17.43;36.16;46.67;-136.34;5.0;68.757;35.95997;14.360098;;NaN;;1600.0;;0 / 19;35508;2021-03-19 12:16:33:676
2.8718;-3.831;6.4308;4.4279;-6.1862;-6.1883;2.5164;2.0493;1.0653;-0.9208;-2.3461;1.7886;0.0;5.27;38.61;14.35;26.11;39.11;-144.41;5.0;69.27;35.95997;14.360098;;NaN;;1600.0;;0 / 19;36009;2021-03-19 12:16:34:177
5.3414;-3.4252;-2.595;3.789;-6.1502;-6.6324;0.1808;1.5944;2.6804;-0.3417;0.4984;-0.1356;0.0;10.05;34.16;20.55;46.45;38.84;-150.26;5.0;67.611;35.95997;14.360098;;NaN;;1600.0;;0 / 19;36508;2021-03-19 12:16:34:676
4.5106;-4.8509;-5.2333;3.8485;-4.8535;-7.6028;2.1978;-0.7347;-2.0452;0.5468;0.3618;0.1988;0.0;13.04;32.0;26.62;51.7;29.66;-153.15;5.0;66.152;35.95997;14.360098;;NaN;;1600.0;;0 / 19;37008;2021-03-19 12:16:35:176
3.4105;-4.6259;-6.392;3.8911;-4.7616;-7.6392;1.6661;1.169;1.9049;-1.0464;0.5527;0.2309;0.0;17.53;29.12;26.69;61.84;34.05;-152.9;5.0;67.311;35.95997;14.360098;;NaN;;1600.0;;0 / 19;37508;2021-03-19 12:16:35:676
-5.6835;1.6275;-9.1333;3.8602;-5.781;-6.9173;1.9502;-2.1153;-0.9985;0.8971;0.2052;0.0104;0.0;19.77;18.64;30.83;76.1;28.88;-151.9;5.0;67.565;35.95997;14.360098;;NaN;;1600.0;;0 / 19;38008;2021-03-19 12:16:36:176
4.1623;-6.4382;-1.8911;4.0826;-4.4366;-7.7343;-0.2366;0.7178;4.9601;-0.9792;0.3643;0.9899;0.0;23.25;25.22;32.15;70.14;31.61;-149.21;5.0;68.213;35.95997;14.360098;;NaN;;1600.0;;0 / 19;38509;2021-03-19 12:16:36:677
3.3171;-4.5923;-12.6933;4.8002;-6.6875;-5.3297;-4.6427;1.6305;-0.9053;1.9481;-0.3785;-0.38;0.0;19.17;17.49;42.8;90.31;34.78;-145.76;5.0;66.623;35.95997;14.360098;;NaN;;1600.0;;0 / 19;39008;2021-03-19 12:16:37:176
2.0878;-6.9158;-5.7504;5.0304;-6.0911;-5.8106;-0.8393;1.5062;2.601;-0.7357;0.1154;0.0516;0.0;18.18;30.89;34.56;68.1;41.75;-135.16;5.0;67.533;35.95997;14.360098;;NaN;;1600.0;;0 / 19;39508;2021-03-19 12:16:37:676
1.4653;-5.7738;-5.5014;6.2529;-6.5036;-3.8438;-2.5376;1.0405;-3.2333;0.9774;-0.1043;-0.4627;0.0;15.29;35.6;40.64;66.68;41.55;-128.34;5.0;68.092;35.95997;14.360098;;NaN;;1600.0;;0 / 19;40008;2021-03-19 12:16:38:176
9.7214;-8.6515;-7.443;5.6527;-6.8414;-4.1729;-0.8071;2.9102;-1.1974;-0.134;-0.1956;-0.0922;6.7366;8.17;25.67;36.93;77.29;44.24;-126.44;5.0;64.113;35.95997;14.360098;;NaN;;1600.0;;0 / 19;40508;2021-03-19 12:16:38:676
1.4629;-8.6719;-8.664;5.5288;-5.3406;-6.0893;0.963;-0.2365;1.8056;-1.1139;0.524;0.2135;6.7366;12.41;29.26;20.32;48.92;36.32;-137.05;5.0;67.749;35.95997;14.360098;;NaN;;1600.0;;0 / 19;41008;2021-03-19 12:16:39:176
3.5422;-9.7636;-7.5508;4.1005;-5.9847;-6.5984;1.3391;-1.6586;0.2385;0.4188;-0.4198;0.036;0.0;7.16;33.35;18.52;39.53;35.52;-145.13;5.0;67.36;35.95997;14.360098;;NaN;;1600.0;;0 / 19;41508;2021-03-19 12:16:39:676
9.391;-0.9689;-8.7095;3.4746;-6.129;-6.8215;0.9683;-3.0404;1.1;-0.1536;-0.2475;0.2022;0.0;13.13;35.8;17.7;44.94;42.03;-157.24;5.0;69.98;35.95997;14.360098;;NaN;;1600.0;;0 / 19;42008;2021-03-19 12:16:40:176
9.8075;-8.4995;-1.5787;3.913;-6.564;-6.146;-1.0875;3.2801;-1.9732;0.4958;-0.957;0.3232;0.0;9.94;35.02;20.82;48.01;42.02;-147.52;5.0;66.925;35.95997;14.360098;;NaN;;1600.0;;0 / 19;42508;2021-03-19 12:16:40:676
4.6554;-10.6386;1.3732;3.5968;-6.4026;-6.4993;-1.4626;0.1246;1.5544;0.7722;0.2781;0.8763;0.0;10.52;35.7;20.6;46.55;40.76;-151.04;5.0;68.508;35.95997;14.360098;;NaN;;1600.0;;0 / 19;43008;2021-03-19 12:16:41:176
20.7055;-9.5086;-12.3497;4.3005;-6.1312;-6.3312;-2.2575;-1.5467;-2.0673;0.6286;-0.8339;0.54;0.0;7.08;35.6;15.44;31.95;38.7;-145.81;5.0;69.276;35.95997;14.360098;;NaN;;1600.0;;0 / 19;43508;2021-03-19 12:16:41:676
-4.727;-1.2442;-9.6707;3.9343;-6.7003;-5.9831;1.9109;0.8489;-3.6267;-0.321;0.7806;-0.8106;0.0;11.05;36.91;13.86;35.69;42.39;-146.86;5.0;68.248;35.95997;14.360098;;NaN;;1600.0;;0 / 19;44008;2021-03-19 12:16:42:176
5.1367;-12.8963;1.4056;3.4652;-6.7317;-6.2327;3.5328;-4.86;1.3307;0.5568;-0.7344;-0.8247;0.0;11.4;35.16;8.57;29.72;41.56;-151.07;5.0;68.722;35.95997;14.360098;;NaN;;1600.0;;0 / 19;44508;2021-03-19 12:16:42:676
3.2465;-11.6454;0.1726;3.441;-6.639;-6.3446;-0.9686;-1.9133;4.597;-0.2654;0.1132;0.2682;0.0;5.49;39.89;29.14;55.93;44.56;-152.22;5.0;69.225;35.95997;14.360098;;NaN;;1600.0;;0 / 19;45008;2021-03-19 12:16:43:176
-3.3899;3.0484;-5.1507;3.6885;-6.2614;-6.5849;8.3886;-2.5167;0.7709;-0.8075;-0.1003;0.9285;0.0;13.34;47.8;30.54;52.0;43.61;-146.95;5.0;70.572;35.95997;14.360098;;NaN;;1600.0;;0 / 19;45509;2021-03-19 12:16:43:677
0.2491;-3.9711;-14.3309;4.1329;-6.6961;-5.8525;-5.57;0.6388;2.0815;0.3751;-0.4598;-0.4847;0.0;12.42;45.63;17.7;32.82;38.37;-142.05;5.0;67.912;35.95997;14.360098;;NaN;;1600.0;;0 / 19;46008;2021-03-19 12:16:44:176
-10.9924;-9.7923;0.8681;4.5946;-6.3069;-5.94;9.7174;-3.2507;-4.6127;-0.244;-0.1672;-2.1774;0.0;4.82;42.34;15.27;26.36;40.03;-142.28;5.0;67.757;35.95997;14.360098;;NaN;;1600.0;;0 / 19;46508;2021-03-19 12:16:44:676
9.9823;-7.6101;-6.8696;4.5473;-6.1872;-6.1001;5.1288;0.2908;-0.709;-0.0088;1.1343;0.2758;0.0;7.42;39.08;-4.01;5.27;39.12;-143.3;5.0;68.015;35.95997;14.360098;;NaN;;1600.0;;0 / 19;47008;2021-03-19 12:16:45:176
0.1306;-11.2491;3.2083;4.2066;-5.1165;-7.2316;4.773;-4.5411;0.202;-0.4004;0.5619;0.8354;0.0;2.28;36.54;5.74;8.93;28.46;-149.05;5.0;69.341;35.95997;14.360098;;NaN;;1600.0;;0 / 19;47508;2021-03-19 12:16:45:676
-9.5727;-11.2898;-1.2758;3.9307;-5.8882;-6.7859;2.5228;-1.8908;3.3049;0.245;-1.1067;1.4108;0.0;7.87;37.1;13.17;27.64;35.15;-144.76;5.0;67.676;35.95997;14.360098;;NaN;;1600.0;;0 / 19;48008;2021-03-19 12:16:46:176
-0.5936;-5.204;-1.848;3.9869;-6.2912;-6.3793;0.5184;2.665;-2.3017;-0.3188;-0.2151;-1.2455;0.0;7.66;38.68;8.89;22.61;39.91;-148.0;5.0;66.953;35.95997;14.360098;;NaN;;1600.0;;0 / 19;48507;2021-03-19 12:16:46:675
-0.6906;0.1348;-5.2931;3.8787;-5.805;-6.8868;-4.4993;-2.3182;1.0899;0.8003;-0.6885;-0.2462;0.0;1.71;39.37;8.64;12.68;36.3;-150.61;5.0;64.646;35.95997;14.360098;;NaN;;1600.0;;0 / 19;49008;2021-03-19 12:16:47:176
8.8894;-7.8974;-2.7889;3.8431;-5.9234;-6.8055;2.4245;0.7199;-0.2183;0.1076;-0.2399;0.0186;0.0;0.77;38.41;5.45;6.79;37.16;-150.55;5.0;66.487;35.95997;14.360098;;NaN;;1600.0;;0 / 19;49508;2021-03-19 12:16:47:676
11.5002;-6.4454;-10.3806;3.489;-5.6319;-7.2304;-2.1249;-0.3696;-0.5773;0.1207;-0.4506;0.1057;40.4803;5.53;42.79;10.96;18.18;35.05;-154.24;5.0;68.527;35.95997;14.360098;;NaN;;1600.0;;0 / 19;50008;2021-03-19 12:16:48:176
1.3396;-4.6905;-2.6644;3.93;-4.0528;-8.0187;-3.412;1.4572;0.2876;-1.109;0.4599;-1.7831;9.8042;7.35;39.87;13.45;20.06;24.41;-153.89;5.0;66.518;35.95997;14.360098;;NaN;;1600.0;;0 / 19;50508;2021-03-19 12:16:48:676
0.4035;-3.3354;-6.2149;5.2278;-6.1156;-5.6071;2.8618;-0.2992;0.8003;0.5202;0.269;0.263;9.8042;9.06;39.6;12.2;26.01;37.18;-137.28;5.0;66.298;35.95997;14.360098;;NaN;;1600.0;;0 / 19;51008;2021-03-19 12:16:49:176
-3.3085;-2.367;-1.0185;4.4256;-5.4557;-6.8425;0.4965;0.6881;2.3399;-0.3228;-0.0893;0.0868;9.8042;4.95;39.75;10.65;20.26;36.17;-142.24;5.0;64.184;35.95997;14.360098;;NaN;;1600.0;;0 / 19;51509;2021-03-19 12:16:49:677
5.6921;-6.4717;1.2547;4.0329;-2.9083;-8.4527;-6.6024;0.7622;7.4323;0.6983;-0.8654;1.3082;46.6155;6.58;33.19;23.43;36.3;23.5;-150.69;5.0;67.683;35.95997;14.360098;;NaN;;1600.0;;0 / 19;52008;2021-03-19 12:16:50:176
2.4218;-1.1652;-11.8637;4.2399;-3.4918;-8.1241;-0.2312;0.1493;2.7013;-0.3536;-0.1192;-0.4899;46.6155;2.86;26.8;30.94;46.85;20.86;-152.44;5.0;68.575;35.95997;14.360098;;NaN;;1600.0;;0 / 19;52508;2021-03-19 12:16:50:676
18.6095;-2.5454;-12.2695;4.2589;-4.1791;-7.7825;1.661;0.926;2.2982;-0.4205;-0.4411;-0.3696;46.6155;7.07;35.14;27.36;39.71;25.22;-151.31;5.0;68.972;35.95997;14.360098;;NaN;;1600.0;;0 / 19;53008;2021-03-19 12:16:51:176
-4.5846;-2.628;-0.1937;4.2859;-3.7371;-7.9897;-1.7442;-0.6508;2.2601;-0.4828;0.6413;-0.8451;46.6155;14.06;32.49;28.07;47.31;21.51;-154.89;5.0;68.131;35.958275;14.363644;138.7;NaN;;92.9;;0 / 19;53508;2021-03-19 12:16:51:676
-2.7627;0.0414;-10.2046;3.3033;-3.5188;-8.5368;1.4991;-0.097;-0.1368;-1.1844;1.3166;0.2395;12.8718;14.65;25.31;27.22;57.83;23.36;-153.41;5.0;67.634;35.958275;14.363644;138.7;NaN;;92.9;;0 / 19;54008;2021-03-19 12:16:52:176
7.1262;-2.3802;-15.6285;3.4332;-2.9234;-8.7085;3.2196;-1.8286;-1.8579;-0.671;1.0869;-0.4264;5.2028;22.7;15.66;30.63;74.33;17.34;-158.48;5.0;65.813;35.958275;14.363644;138.7;NaN;;92.9;;0 / 19;54508;2021-03-19 12:16:52:676
5.4838;-2.8027;-6.483;4.0767;-3.8755;-8.0331;3.7143;-1.7173;-0.3322;-0.2419;0.4238;-0.336;3.6413;20.38;16.86;35.14;78.49;23.28;-153.09;5.0;63.799;35.958275;14.363644;138.7;NaN;;92.9;;0 / 19;55008;2021-03-19 12:16:53:176
6.4654;-5.2136;-7.8201;3.5812;-3.9426;-8.2341;-2.0499;0.8073;4.6314;-0.1542;0.7968;0.9023;3.6413;18.92;13.64;34.75;84.61;23.71;-156.49;5.0;64.775;35.958275;14.363644;138.7;NaN;;92.9;;0 / 19;55508;2021-03-19 12:16:53:676
8.3651;-7.2378;-5.4224;3.6646;-4.1699;-8.0841;-0.1048;-0.016;-0.5329;0.2939;0.5124;0.6961;2.1075;18.27;5.23;37.24;101.98;25.5;-155.38;5.0;61.07;35.958275;14.363644;138.7;NaN;;92.9;;0 / 19;56008;2021-03-19 12:16:54:176
-0.3877;-2.4819;-11.258;4.169;-5.053;-7.2978;-0.3121;-0.3918;0.6642;0.1302;0.269;0.3354;2.1075;14.43;1.3;41.02;114.23;31.59;-151.15;5.0;60.922;35.958275;14.363644;138.7;NaN;;92.9;;0 / 19;56508;2021-03-19 12:16:54:676
1.4497;-4.7264;-8.6509;5.0288;-5.7169;-6.1805;0.3773;6.5007;-1.1737;-0.1646;0.3545;-1.4829;2.1075;9.66;4.24;40.79;109.79;36.43;-141.23;5.0;60.087;35.958275;14.363644;138.7;NaN;;92.9;;0 / 19;57008;2021-03-19 12:16:55:176
4.7787;-6.7051;-2.2526;5.7013;-6.5155;-4.6058;0.3073;2.6538;-0.1026;-0.412;-0.1443;1.1115;2.1075;5.66;13.48;37.27;95.63;41.16;-130.83;5.0;61.828;35.958275;14.363644;138.7;NaN;;92.9;;0 / 19;57508;2021-03-19 12:16:55:676
6.1781;-7.1289;-2.3939;4.5313;-6.1546;-6.1448;1.1751;-0.6554;-0.425;-0.8442;0.4177;0.7028;0.5736;6.02;16.01;35.95;104.53;45.24;-143.62;5.0;65.434;35.958275;14.363644;138.7;NaN;;92.9;;0 / 19;58008;2021-03-19 12:16:56:176
1.2558;-2.8626;-2.9685;4.4281;-5.9127;-6.45;-2.9401;-1.1553;0.1711;1.048;0.4535;0.1588;0.5736;5.72;5.12;36.93;115.51;37.08;-145.53;5.0;67.295;35.958275;14.363644;138.7;NaN;;92.9;;0 / 19;58507;2021-03-19 12:16:56:675
2.1428;-3.4108;-7.9159;5.0867;-7.0461;-4.544;0.2674;0.9323;-0.8706;0.3226;-0.5493;0.3806;0.5736;6.52;17.83;33.6;90.01;45.93;-131.77;5.0;64.156;35.958275;14.363644;138.7;NaN;;92.9;;0 / 19;59007;2021-03-19 12:16:57:175
8.4992;-9.5721;-2.5244;4.3959;-7.0994;-5.1424;2.0706;0.068;0.3218;-0.3674;0.7616;-0.42;0.5736;8.4;19.64;32.04;92.05;47.71;-140.23;5.0;63.765;35.958275;14.363644;138.7;NaN;;92.9;;0 / 19;59508;2021-03-19 12:16:57:676
0.8021;-5.1478;-6.7655;3.5289;-7.51;-5.2267;1.5597;0.2452;1.5807;-0.1905;-0.8385;0.1738;0.5736;8.22;13.98;33.77;108.35;50.57;-144.11;5.0;63.328;35.958275;14.363644;138.7;NaN;;92.9;;0 / 19;60008;2021-03-19 12:16:58:176
4.2652;-7.9273;-5.505;3.0233;-8.0463;-4.7209;1.4872;-0.8182;0.1737;0.4365;0.5048;-0.1325;35.8789;8.0;13.22;33.25;117.38;53.85;-149.92;5.0;57.835;35.958275;14.363644;138.7;NaN;;92.9;;0 / 19;60507;2021-03-19 12:16:58:675
2.2937;-7.1744;-3.2354;3.6992;-7.6205;-4.9411;1.166;-0.8081;-0.5369;-0.3234;0.353;-0.5794;35.8789;11.04;18.09;31.53;97.04;50.99;-143.18;5.0;64.636;35.958275;14.363644;138.7;NaN;;92.9;;0 / 19;61008;2021-03-19 12:16:59:176
8.3483;-4.8006;-3.9632;4.4066;-5.6622;-6.6852;2.8662;0.2711;-1.2936;-0.3448;-0.6467;0.1185;35.8789;10.32;17.19;33.04;90.48;40.33;-143.1;5.0;65.048;35.958275;14.363644;138.7;NaN;;92.9;;0 / 19;61508;2021-03-19 12:16:59:676
4.7512;-5.9737;-11.8769;2.6769;-5.4117;-7.7277;4.5818;-4.8942;-4.7833;-6.5252;3.48;4.2196;35.8789;12.77;10.03;34.84;99.36;35.7;-147.18;5.0;66.162;35.958275;14.363644;138.7;NaN;;92.9;;0 / 19;62008;2021-03-19 12:17:00:176
3.7828;-4.2991;-9.0399;7.8654;-5.8188;-0.6686;-4.0435;1.6425;-8.5782;-1.503;2.7179;0.3919;35.8789;-23.14;-2.85;6.13;172.91;39.81;-99.38;5.0;68.538;35.958275;14.363644;138.7;NaN;;92.9;;0 / 19;62508;2021-03-19 12:17:00:676
1.852;-2.9081;8.0827;0.4717;-1.1933;9.7223;1.0193;-1.9478;-2.3307;2.1509;1.937;-0.1964;35.8789;-0.19;1.36;-35.01;223.97;23.21;-19.46;5.0;57.07;35.958275;14.363644;138.7;NaN;;92.9;;0 / 19;63008;2021-03-19 12:17:01:176
-1.088;1.2792;8.7483;-0.386;1.1432;9.7321;-0.8975;-0.2559;-0.0545;0.3232;-0.2084;0.0974;66.8486;26.61;-1.79;-31.55;272.03;-5.18;0.95;5.0;63.146;35.958275;14.363644;138.7;NaN;;92.9;;0 / 19;63507;2021-03-19 12:17:01:675
-0.3781;1.9675;9.5826;-0.0296;1.6925;9.6595;-0.1971;-0.1495;0.3792;0.3119;0.1166;-0.087;66.8486;29.05;-5.58;-29.68;266.56;-7.99;0.73;5.0;44.969;35.958275;14.363644;138.7;NaN;;92.9;;0 / 19;64008;2021-03-19 12:17:02:176
1.3121;3.6553;9.5622;-0.4549;3.0841;9.298;-0.5559;1.6674;-2.7163;0.9548;-0.2512;-0.8201;66.8486;28.72;-8.03;-29.69;283.57;-26.03;2.95;5.0;43.381;35.958275;14.363644;138.7;NaN;;92.9;;0 / 19;64508;2021-03-19 12:17:02:676
-0.9072;2.3901;9.8364;-0.5584;2.3254;9.5106;-0.1613;-0.2758;-0.0526;1.0229;-0.2173;-0.6454;66.8486;29.44;-4.51;-29.61;275.56;-13.72;3.36;5.0;48.067;35.958275;14.363644;138.7;NaN;;92.9;;0 / 19;65008;2021-03-19 12:17:03:176
-6.6052;4.6908;5.8957;-5.8901;4.4336;6.4669;-0.5134;0.8428;0.3749;0.2759;2.5991;-0.3854;66.8486;30.38;-6.58;-27.62;308.24;-28.73;24.92;5.0;50.979;35.958275;14.363644;138.7;NaN;;92.9;;0 / 19;65507;2021-03-19 12:17:03:675